<?xml version="1.0" encoding="utf-8"?>
<!DOCTYPE hibernate-configuration PUBLIC
        "-//Hibernate/Hibernate Configuration DTD 3.0//EN"
        "http://www.hibernate.org/dtd/hibernate-configuration-3.0.dtd">
<hibernate-configuration>
    <session-factory>
        <!-- Підключення до бази даних -->
        <property name="connection.driver_class">com.mysql.cj.jdbc.Driver</property>
        <property name="connection.url">
            jdbc:mysql://localhost:3306/hibernate_example?useSSL=false&amp;allowPublicKeyRetrieval=true&amp;serverTimezone=UTC
        </property>
        <property name="connection.username">root</property>
        <property name="connection.password">toor</property>
        <property name="dialect">org.hibernate.dialect.MySQL8Dialect</property>

        <!-- Автоматичне оновлення схеми таблиць -->
        <property name="hbm2ddl.auto">update</property>
        <!-- Вивід SQL запитів у консоль -->
        <property name="show_sql">true</property>

        <!-- Замаповування сутностей -->
        <mapping class="com.example.Hobbyist"/>
        <mapping class="com.example.Hobby"/>
        <mapping class="com.example.Profile"/>
        <mapping class="com.example.Club"/>
    </session-factory>
</hibernate-configuration>
