{
  "Open Issue ID 1" : {
    "transaction" : "Open Issue ID 1",
    "sampleCount" : 1,
    "errorCount" : 0,
    "errorPct" : 0.0,
    "meanResTime" : 83.0,
    "medianResTime" : 83.0,
    "minResTime" : 83.0,
    "maxResTime" : 83.0,
    "pct1ResTime" : 83.0,
    "pct2ResTime" : 83.0,
    "pct3ResTime" : 83.0,
    "throughput" : 12.048192771084338,
    "receivedKBytesPerSec" : 421.38083584337346,
    "sentKBytesPerSec" : 3.6003388554216866
  },
  "Reload Issue to Verify Comment" : {
    "transaction" : "Reload Issue to Verify Comment",
    "sampleCount" : 1,
    "errorCount" : 0,
    "errorPct" : 0.0,
    "meanResTime" : 75.0,
    "medianResTime" : 75.0,
    "minResTime" : 75.0,
    "maxResTime" : 75.0,
    "pct1ResTime" : 75.0,
    "pct2ResTime" : 75.0,
    "pct3ResTime" : 75.0,
    "throughput" : 13.333333333333334,
    "receivedKBytesPerSec" : 466.328125,
    "sentKBytesPerSec" : 3.984375
  },
  "Total" : {
    "transaction" : "Total",
    "sampleCount" : 5,
    "errorCount" : 1,
    "errorPct" : 20.0,
    "meanResTime" : 77.4,
    "medianResTime" : 75.0,
    "minResTime" : 62.0,
    "maxResTime" : 98.0,
    "pct1ResTime" : 98.0,
    "pct2ResTime" : 98.0,
    "pct3ResTime" : 98.0,
    "throughput" : 12.658227848101266,
    "receivedKBytesPerSec" : 267.6325158227848,
    "sentKBytesPerSec" : 4.237539556962025
  },
  "View Issues Page" : {
    "transaction" : "View Issues Page",
    "sampleCount" : 1,
    "errorCount" : 0,
    "errorPct" : 0.0,
    "meanResTime" : 69.0,
    "medianResTime" : 69.0,
    "minResTime" : 69.0,
    "maxResTime" : 69.0,
    "pct1ResTime" : 69.0,
    "pct2ResTime" : 69.0,
    "pct3ResTime" : 69.0,
    "throughput" : 14.492753623188406,
    "receivedKBytesPerSec" : 364.7673233695652,
    "sentKBytesPerSec" : 4.076086956521738
  },
  "Login" : {
    "transaction" : "Login",
    "sampleCount" : 1,
    "errorCount" : 0,
    "errorPct" : 0.0,
    "meanResTime" : 98.0,
    "medianResTime" : 98.0,
    "minResTime" : 98.0,
    "maxResTime" : 98.0,
    "pct1ResTime" : 98.0,
    "pct2ResTime" : 98.0,
    "pct3ResTime" : 98.0,
    "throughput" : 10.204081632653061,
    "receivedKBytesPerSec" : 9.167729591836734,
    "sentKBytesPerSec" : 2.560985331632653
  },
  "Add Comment to Issue" : {
    "transaction" : "Add Comment to Issue",
    "sampleCount" : 1,
    "errorCount" : 1,
    "errorPct" : 100.0,
    "meanResTime" : 62.0,
    "medianResTime" : 62.0,
    "minResTime" : 62.0,
    "maxResTime" : 62.0,
    "pct1ResTime" : 62.0,
    "pct2ResTime" : 62.0,
    "pct3ResTime" : 62.0,
    "throughput" : 16.129032258064516,
    "receivedKBytesPerSec" : 156.42326108870967,
    "sentKBytesPerSec" : 8.773311491935484
  }
}